FileName          , PredictedView
patient0001_2CH_ED, A2C
patient0001_2CH_ES, A2C
patient0001_4CH_ED, A4C
patient0001_4CH_ES, A4C
patient0002_2CH_ED, A2C
patient0002_2CH_ES, A2C
patient0002_4CH_ED, A4C
patient0002_4CH_ES, A4C
patient0003_2CH_ED, A4C
patient0003_2CH_ES, A4C
patient0003_4CH_ED, A4C
patient0003_4CH_ES, A4C
patient0004_2CH_ED, A4C
patient0004_2CH_ES, A2C
patient0004_4CH_ED, A4C
patient0004_4CH_ES, A4C
patient0005_2CH_ED, A4C
patient0005_2CH_ES, A4C
patient0005_4CH_ED, A4C
patient0005_4CH_ES, A4C
patient0006_2CH_ED, A2C
patient0006_2CH_ES, A4C
patient0006_4CH_ED, A4C
patient0006_4CH_ES, A4C
patient0007_2CH_ED, A4C
patient0007_2CH_ES, A4C
patient0007_4CH_ED, A4C
patient0007_4CH_ES, A4C
patient0008_2CH_ED, A4C
patient0008_2CH_ES, A4C
patient0008_4CH_ED, A4C
patient0008_4CH_ES, A4C
patient0009_2CH_ED, A4C
patient0009_2CH_ES, A2C
patient0009_4CH_ED, A4C
patient0009_4CH_ES, A4C
patient0010_2CH_ED, A4C
patient0010_2CH_ES, A4C
patient0010_4CH_ED, A4C
patient0010_4CH_ES, A4C
patient0011_2CH_ED, A4C
patient0011_2CH_ES, A4C
patient0011_4CH_ED, A4C
patient0011_4CH_ES, A4C
patient0012_2CH_ED, A2C
patient0012_2CH_ES, A4C
patient0012_4CH_ED, A4C
patient0012_4CH_ES, A4C
patient0013_2CH_ED, A2C
patient0013_2CH_ES, A2C
patient0013_4CH_ED, A4C
patient0013_4CH_ES, A4C
patient0014_2CH_ED, A4C
patient0014_2CH_ES, A4C
patient0014_4CH_ED, A4C
patient0014_4CH_ES, A4C
patient0015_2CH_ED, A2C
patient0015_2CH_ES, A4C
patient0015_4CH_ED, A4C
patient0015_4CH_ES, A4C
patient0016_2CH_ED, A4C
patient0016_2CH_ES, A4C
patient0016_4CH_ED, A4C
patient0016_4CH_ES, A4C
patient0017_2CH_ED, A2C
patient0017_2CH_ES, A4C
patient0017_4CH_ED, A4C
patient0017_4CH_ES, A4C
patient0018_2CH_ED, A2C
patient0018_2CH_ES, A2C
patient0018_4CH_ED, A4C
patient0018_4CH_ES, A4C
patient0019_2CH_ED, A4C
patient0019_2CH_ES, A4C
patient0019_4CH_ED, A4C
patient0019_4CH_ES, A4C
patient0020_2CH_ED, A4C
patient0020_2CH_ES, A4C
patient0020_4CH_ED, A4C
patient0020_4CH_ES, A4C
patient0021_2CH_ED, A2C
patient0021_2CH_ES, A4C
patient0021_4CH_ED, A4C
patient0021_4CH_ES, A4C
patient0022_2CH_ED, A4C
patient0022_2CH_ES, A4C
patient0022_4CH_ED, A4C
patient0022_4CH_ES, A4C
patient0023_2CH_ED, A2C
patient0023_2CH_ES, A4C
patient0023_4CH_ED, A4C
patient0023_4CH_ES, A4C
patient0024_2CH_ED, A4C
patient0024_2CH_ES, A2C
patient0024_4CH_ED, A4C
patient0024_4CH_ES, A4C
patient0025_2CH_ED, A2C
patient0025_2CH_ES, A2C
patient0025_4CH_ED, A4C
patient0025_4CH_ES, A4C
patient0026_2CH_ED, A4C
patient0026_2CH_ES, A4C
patient0026_4CH_ED, A4C
patient0026_4CH_ES, A4C
patient0027_2CH_ED, A4C
patient0027_2CH_ES, A4C
patient0027_4CH_ED, A4C
patient0027_4CH_ES, A4C
patient0028_2CH_ED, A4C
patient0028_2CH_ES, A2C
patient0028_4CH_ED, A4C
patient0028_4CH_ES, A4C
patient0029_2CH_ED, A4C
patient0029_2CH_ES, A2C
patient0029_4CH_ED, A4C
patient0029_4CH_ES, A4C
patient0030_2CH_ED, A2C
patient0030_2CH_ES, A4C
patient0030_4CH_ED, A4C
patient0030_4CH_ES, A4C
patient0031_2CH_ED, A4C
patient0031_2CH_ES, A2C
patient0031_4CH_ED, A4C
patient0031_4CH_ES, A4C
patient0032_2CH_ED, A2C
patient0032_2CH_ES, A2C
patient0032_4CH_ED, A4C
patient0032_4CH_ES, A4C
patient0033_2CH_ED, A4C
patient0033_2CH_ES, A4C
patient0033_4CH_ED, A4C
patient0033_4CH_ES, A4C
patient0034_2CH_ED, A2C
patient0034_2CH_ES, A2C
patient0034_4CH_ED, A4C
patient0034_4CH_ES, A4C
patient0035_2CH_ED, A4C
patient0035_2CH_ES, A4C
patient0035_4CH_ED, A4C
patient0035_4CH_ES, A4C
patient0036_2CH_ED, A4C
patient0036_2CH_ES, A4C
patient0036_4CH_ED, A4C
patient0036_4CH_ES, A4C
patient0037_2CH_ED, A2C
patient0037_2CH_ES, A4C
patient0037_4CH_ED, A4C
patient0037_4CH_ES, A4C
patient0038_2CH_ED, A4C
patient0038_2CH_ES, A4C
patient0038_4CH_ED, A4C
patient0038_4CH_ES, A4C
patient0039_2CH_ED, A4C
patient0039_2CH_ES, A4C
patient0039_4CH_ED, A4C
patient0039_4CH_ES, A4C
patient0040_2CH_ED, A2C
patient0040_2CH_ES, A2C
patient0040_4CH_ED, A4C
patient0040_4CH_ES, A4C
patient0041_2CH_ED, A4C
patient0041_2CH_ES, A4C
patient0041_4CH_ED, A4C
patient0041_4CH_ES, A4C
patient0042_2CH_ED, A4C
patient0042_2CH_ES, A2C
patient0042_4CH_ED, A4C
patient0042_4CH_ES, A4C
patient0043_2CH_ED, A4C
patient0043_2CH_ES, A4C
patient0043_4CH_ED, A4C
patient0043_4CH_ES, A4C
patient0044_2CH_ED, A4C
patient0044_2CH_ES, A4C
patient0044_4CH_ED, A4C
patient0044_4CH_ES, A4C
patient0045_2CH_ED, A2C
patient0045_2CH_ES, A4C
patient0045_4CH_ED, A4C
patient0045_4CH_ES, A4C
patient0046_2CH_ED, A4C
patient0046_2CH_ES, A4C
patient0046_4CH_ED, A4C
patient0046_4CH_ES, A4C
patient0047_2CH_ED, A4C
patient0047_2CH_ES, A4C
patient0047_4CH_ED, A4C
patient0047_4CH_ES, A4C
patient0048_2CH_ED, A4C
patient0048_2CH_ES, A4C
patient0048_4CH_ED, A4C
patient0048_4CH_ES, A4C
patient0049_2CH_ED, A2C
patient0049_2CH_ES, A2C
patient0049_4CH_ED, A4C
patient0049_4CH_ES, A4C
patient0050_2CH_ED, A4C
patient0050_2CH_ES, A4C
patient0050_4CH_ED, A4C
patient0050_4CH_ES, A4C
patient0051_2CH_ED, A2C
patient0051_2CH_ES, A2C
patient0051_4CH_ED, A4C
patient0051_4CH_ES, A4C
patient0052_2CH_ED, A2C
patient0052_2CH_ES, A2C
patient0052_4CH_ED, A4C
patient0052_4CH_ES, A4C
patient0053_2CH_ED, A2C
patient0053_2CH_ES, A4C
patient0053_4CH_ED, A4C
patient0053_4CH_ES, A4C
patient0054_2CH_ED, A2C
patient0054_2CH_ES, A2C
patient0054_4CH_ED, A4C
patient0054_4CH_ES, A4C
patient0055_2CH_ED, A2C
patient0055_2CH_ES, A2C
patient0055_4CH_ED, A4C
patient0055_4CH_ES, A4C
patient0056_2CH_ED, A2C
patient0056_2CH_ES, A2C
patient0056_4CH_ED, A4C
patient0056_4CH_ES, A4C
patient0057_2CH_ED, A4C
patient0057_2CH_ES, A4C
patient0057_4CH_ED, A4C
patient0057_4CH_ES, A4C
patient0058_2CH_ED, A2C
patient0058_2CH_ES, A2C
patient0058_4CH_ED, A4C
patient0058_4CH_ES, A4C
patient0059_2CH_ED, A4C
patient0059_2CH_ES, A4C
patient0059_4CH_ED, A4C
patient0059_4CH_ES, A4C
patient0060_2CH_ED, A4C
patient0060_2CH_ES, A4C
patient0060_4CH_ED, A4C
patient0060_4CH_ES, A4C
patient0061_2CH_ED, A4C
patient0061_2CH_ES, A4C
patient0061_4CH_ED, A4C
patient0061_4CH_ES, A4C
patient0062_2CH_ED, A4C
patient0062_2CH_ES, A4C
patient0062_4CH_ED, A4C
patient0062_4CH_ES, A4C
patient0063_2CH_ED, A2C
patient0063_2CH_ES, A2C
patient0063_4CH_ED, A4C
patient0063_4CH_ES, A4C
patient0064_2CH_ED, A4C
patient0064_2CH_ES, A2C
patient0064_4CH_ED, A4C
patient0064_4CH_ES, A4C
patient0065_2CH_ED, A4C
patient0065_2CH_ES, A4C
patient0065_4CH_ED, A4C
patient0065_4CH_ES, A4C
patient0066_2CH_ED, A2C
patient0066_2CH_ES, A2C
patient0066_4CH_ED, A4C
patient0066_4CH_ES, A4C
patient0067_2CH_ED, A4C
patient0067_2CH_ES, A4C
patient0067_4CH_ED, A4C
patient0067_4CH_ES, A4C
patient0068_2CH_ED, A4C
patient0068_2CH_ES, A4C
patient0068_4CH_ED, A4C
patient0068_4CH_ES, A4C
patient0069_2CH_ED, A4C
patient0069_2CH_ES, A4C
patient0069_4CH_ED, A4C
patient0069_4CH_ES, A4C
patient0070_2CH_ED, A2C
patient0070_2CH_ES, A2C
patient0070_4CH_ED, A4C
patient0070_4CH_ES, A4C
patient0071_2CH_ED, A4C
patient0071_2CH_ES, A4C
patient0071_4CH_ED, A4C
patient0071_4CH_ES, A4C
patient0072_2CH_ED, A2C
patient0072_2CH_ES, A2C
patient0072_4CH_ED, A4C
patient0072_4CH_ES, A4C
patient0073_2CH_ED, A4C
patient0073_2CH_ES, A4C
patient0073_4CH_ED, A4C
patient0073_4CH_ES, A4C
patient0074_2CH_ED, A4C
patient0074_2CH_ES, A4C
patient0074_4CH_ED, A4C
patient0074_4CH_ES, A4C
patient0075_2CH_ED, A4C
patient0075_2CH_ES, A4C
patient0075_4CH_ED, A4C
patient0075_4CH_ES, A4C
patient0076_2CH_ED, A4C
patient0076_2CH_ES, A4C
patient0076_4CH_ED, A4C
patient0076_4CH_ES, A4C
patient0077_2CH_ED, A2C
patient0077_2CH_ES, A2C
patient0077_4CH_ED, A4C
patient0077_4CH_ES, A4C
patient0078_2CH_ED, A4C
patient0078_2CH_ES, A4C
patient0078_4CH_ED, A4C
patient0078_4CH_ES, A4C
patient0079_2CH_ED, A4C
patient0079_2CH_ES, A4C
patient0079_4CH_ED, A4C
patient0079_4CH_ES, A4C
patient0080_2CH_ED, A2C
patient0080_2CH_ES, A2C
patient0080_4CH_ED, A4C
patient0080_4CH_ES, A4C
patient0081_2CH_ED, A4C
patient0081_2CH_ES, A2C
patient0081_4CH_ED, A4C
patient0081_4CH_ES, A4C
patient0082_2CH_ED, A4C
patient0082_2CH_ES, A4C
patient0082_4CH_ED, A4C
patient0082_4CH_ES, A4C
patient0083_2CH_ED, A4C
patient0083_2CH_ES, A2C
patient0083_4CH_ED, A4C
patient0083_4CH_ES, A4C
patient0084_2CH_ED, A2C
patient0084_2CH_ES, A4C
patient0084_4CH_ED, A4C
patient0084_4CH_ES, A4C
patient0085_2CH_ED, A4C
patient0085_2CH_ES, A4C
patient0085_4CH_ED, A4C
patient0085_4CH_ES, A4C
patient0086_2CH_ED, A4C
patient0086_2CH_ES, A4C
patient0086_4CH_ED, A4C
patient0086_4CH_ES, A4C
patient0087_2CH_ED, A4C
patient0087_2CH_ES, A2C
patient0087_4CH_ED, A4C
patient0087_4CH_ES, A4C
patient0088_2CH_ED, A2C
patient0088_2CH_ES, A2C
patient0088_4CH_ED, A4C
patient0088_4CH_ES, A4C
patient0089_2CH_ED, A4C
patient0089_2CH_ES, A4C
patient0089_4CH_ED, A4C
patient0089_4CH_ES, A4C
patient0090_2CH_ED, A2C
patient0090_2CH_ES, A4C
patient0090_4CH_ED, A4C
patient0090_4CH_ES, A4C
patient0091_2CH_ED, A2C
patient0091_2CH_ES, A2C
patient0091_4CH_ED, A4C
patient0091_4CH_ES, A4C
patient0092_2CH_ED, A2C
patient0092_2CH_ES, A4C
patient0092_4CH_ED, A4C
patient0092_4CH_ES, A4C
patient0093_2CH_ED, A2C
patient0093_2CH_ES, A2C
patient0093_4CH_ED, A4C
patient0093_4CH_ES, A4C
patient0094_2CH_ED, A2C
patient0094_2CH_ES, A2C
patient0094_4CH_ED, A4C
patient0094_4CH_ES, A4C
patient0095_2CH_ED, A2C
patient0095_2CH_ES, A2C
patient0095_4CH_ED, A4C
patient0095_4CH_ES, A4C
patient0096_2CH_ED, A4C
patient0096_2CH_ES, A4C
patient0096_4CH_ED, A4C
patient0096_4CH_ES, A4C
patient0097_2CH_ED, A2C
patient0097_2CH_ES, A2C
patient0097_4CH_ED, A4C
patient0097_4CH_ES, A4C
patient0098_2CH_ED, A4C
patient0098_2CH_ES, A2C
patient0098_4CH_ED, A4C
patient0098_4CH_ES, A4C
patient0099_2CH_ED, A4C
patient0099_2CH_ES, A4C
patient0099_4CH_ED, A4C
patient0099_4CH_ES, A4C
patient0100_2CH_ED, A2C
patient0100_2CH_ES, A4C
patient0100_4CH_ED, A4C
patient0100_4CH_ES, A4C
patient0101_2CH_ED, A4C
patient0101_2CH_ES, A4C
patient0101_4CH_ED, A4C
patient0101_4CH_ES, A4C
patient0102_2CH_ED, A4C
patient0102_2CH_ES, A4C
patient0102_4CH_ED, A4C
patient0102_4CH_ES, A4C
patient0103_2CH_ED, A2C
patient0103_2CH_ES, A4C
patient0103_4CH_ED, A4C
patient0103_4CH_ES, A4C
patient0104_2CH_ED, A4C
patient0104_2CH_ES, A4C
patient0104_4CH_ED, A4C
patient0104_4CH_ES, A4C
patient0105_2CH_ED, A2C
patient0105_2CH_ES, A2C
patient0105_4CH_ED, A4C
patient0105_4CH_ES, A4C
patient0106_2CH_ED, A4C
patient0106_2CH_ES, A4C
patient0106_4CH_ED, A4C
patient0106_4CH_ES, A4C
patient0107_2CH_ED, A4C
patient0107_2CH_ES, A4C
patient0107_4CH_ED, A4C
patient0107_4CH_ES, A4C
patient0108_2CH_ED, A2C
patient0108_2CH_ES, A4C
patient0108_4CH_ED, A4C
patient0108_4CH_ES, A4C
patient0109_2CH_ED, A2C
patient0109_2CH_ES, A4C
patient0109_4CH_ED, A4C
patient0109_4CH_ES, A4C
patient0110_2CH_ED, A4C
patient0110_2CH_ES, A4C
patient0110_4CH_ED, A4C
patient0110_4CH_ES, A4C
patient0111_2CH_ED, A4C
patient0111_2CH_ES, A2C
patient0111_4CH_ED, A4C
patient0111_4CH_ES, A4C
patient0112_2CH_ED, A2C
patient0112_2CH_ES, A4C
patient0112_4CH_ED, A4C
patient0112_4CH_ES, A4C
patient0113_2CH_ED, A4C
patient0113_2CH_ES, A2C
patient0113_4CH_ED, A4C
patient0113_4CH_ES, A4C
patient0114_2CH_ED, A4C
patient0114_2CH_ES, A4C
patient0114_4CH_ED, A4C
patient0114_4CH_ES, A4C
patient0115_2CH_ED, A4C
patient0115_2CH_ES, A4C
patient0115_4CH_ED, A4C
patient0115_4CH_ES, A4C
patient0116_2CH_ED, A4C
patient0116_2CH_ES, A4C
patient0116_4CH_ED, A4C
patient0116_4CH_ES, A4C
patient0117_2CH_ED, A4C
patient0117_2CH_ES, A2C
patient0117_4CH_ED, A4C
patient0117_4CH_ES, A4C
patient0118_2CH_ED, A2C
patient0118_2CH_ES, A4C
patient0118_4CH_ED, A4C
patient0118_4CH_ES, A4C
patient0119_2CH_ED, A4C
patient0119_2CH_ES, A4C
patient0119_4CH_ED, A4C
patient0119_4CH_ES, A4C
patient0120_2CH_ED, A4C
patient0120_2CH_ES, A2C
patient0120_4CH_ED, A4C
patient0120_4CH_ES, A4C
patient0121_2CH_ED, A2C
patient0121_2CH_ES, A2C
patient0121_4CH_ED, A4C
patient0121_4CH_ES, A4C
patient0122_2CH_ED, A4C
patient0122_2CH_ES, A4C
patient0122_4CH_ED, A4C
patient0122_4CH_ES, A4C
patient0123_2CH_ED, A2C
patient0123_2CH_ES, A4C
patient0123_4CH_ED, A4C
patient0123_4CH_ES, A4C
patient0124_2CH_ED, A4C
patient0124_2CH_ES, A4C
patient0124_4CH_ED, A4C
patient0124_4CH_ES, A4C
patient0125_2CH_ED, A2C
patient0125_2CH_ES, A4C
patient0125_4CH_ED, A4C
patient0125_4CH_ES, A4C
patient0126_2CH_ED, A2C
patient0126_2CH_ES, A4C
patient0126_4CH_ED, A4C
patient0126_4CH_ES, A4C
patient0127_2CH_ED, A4C
patient0127_2CH_ES, A4C
patient0127_4CH_ED, A4C
patient0127_4CH_ES, A4C
patient0128_2CH_ED, A4C
patient0128_2CH_ES, A4C
patient0128_4CH_ED, A4C
patient0128_4CH_ES, A4C
patient0129_2CH_ED, A4C
patient0129_2CH_ES, A2C
patient0129_4CH_ED, A4C
patient0129_4CH_ES, A4C
patient0130_2CH_ED, A4C
patient0130_2CH_ES, A4C
patient0130_4CH_ED, A4C
patient0130_4CH_ES, A4C
patient0131_2CH_ED, A4C
patient0131_2CH_ES, A4C
patient0131_4CH_ED, A4C
patient0131_4CH_ES, A4C
patient0132_2CH_ED, A4C
patient0132_2CH_ES, A2C
patient0132_4CH_ED, A4C
patient0132_4CH_ES, A4C
patient0133_2CH_ED, A4C
patient0133_2CH_ES, A4C
patient0133_4CH_ED, A4C
patient0133_4CH_ES, A4C
patient0134_2CH_ED, A2C
patient0134_2CH_ES, A2C
patient0134_4CH_ED, A4C
patient0134_4CH_ES, A4C
patient0135_2CH_ED, A4C
patient0135_2CH_ES, A2C
patient0135_4CH_ED, A4C
patient0135_4CH_ES, A4C
patient0136_2CH_ED, A2C
patient0136_2CH_ES, A2C
patient0136_4CH_ED, A4C
patient0136_4CH_ES, A4C
patient0137_2CH_ED, A4C
patient0137_2CH_ES, A4C
patient0137_4CH_ED, A4C
patient0137_4CH_ES, A4C
patient0138_2CH_ED, A4C
patient0138_2CH_ES, A4C
patient0138_4CH_ED, A4C
patient0138_4CH_ES, A4C
patient0139_2CH_ED, A4C
patient0139_2CH_ES, A4C
patient0139_4CH_ED, A4C
patient0139_4CH_ES, A4C
patient0140_2CH_ED, A4C
patient0140_2CH_ES, A4C
patient0140_4CH_ED, A4C
patient0140_4CH_ES, A4C
patient0141_2CH_ED, A2C
patient0141_2CH_ES, A2C
patient0141_4CH_ED, A4C
patient0141_4CH_ES, A4C
patient0142_2CH_ED, A2C
patient0142_2CH_ES, A4C
patient0142_4CH_ED, A4C
patient0142_4CH_ES, A4C
patient0143_2CH_ED, A4C
patient0143_2CH_ES, A2C
patient0143_4CH_ED, A4C
patient0143_4CH_ES, A4C
patient0144_2CH_ED, A2C
patient0144_2CH_ES, A2C
patient0144_4CH_ED, A4C
patient0144_4CH_ES, A4C
patient0145_2CH_ED, A4C
patient0145_2CH_ES, A4C
patient0145_4CH_ED, A4C
patient0145_4CH_ES, A4C
patient0146_2CH_ED, A4C
patient0146_2CH_ES, A4C
patient0146_4CH_ED, A4C
patient0146_4CH_ES, A4C
patient0147_2CH_ED, A4C
patient0147_2CH_ES, A4C
patient0147_4CH_ED, A4C
patient0147_4CH_ES, A4C
patient0148_2CH_ED, A4C
patient0148_2CH_ES, A4C
patient0148_4CH_ED, A4C
patient0148_4CH_ES, A4C
patient0149_2CH_ED, A2C
patient0149_2CH_ES, A2C
patient0149_4CH_ED, A4C
patient0149_4CH_ES, A4C
patient0150_2CH_ED, A4C
patient0150_2CH_ES, A4C
patient0150_4CH_ED, A4C
patient0150_4CH_ES, A4C
patient0151_2CH_ED, A2C
patient0151_2CH_ES, A2C
patient0151_4CH_ED, A4C
patient0151_4CH_ES, A4C
patient0152_2CH_ED, A2C
patient0152_2CH_ES, A4C
patient0152_4CH_ED, A4C
patient0152_4CH_ES, A4C
patient0153_2CH_ED, A4C
patient0153_2CH_ES, A2C
patient0153_4CH_ED, A4C
patient0153_4CH_ES, A4C
patient0154_2CH_ED, A4C
patient0154_2CH_ES, A4C
patient0154_4CH_ED, A4C
patient0154_4CH_ES, A4C
patient0155_2CH_ED, A4C
patient0155_2CH_ES, A4C
patient0155_4CH_ED, A4C
patient0155_4CH_ES, A4C
patient0156_2CH_ED, A4C
patient0156_2CH_ES, A4C
patient0156_4CH_ED, A4C
patient0156_4CH_ES, A4C
patient0157_2CH_ED, A4C
patient0157_2CH_ES, A4C
patient0157_4CH_ED, A4C
patient0157_4CH_ES, A4C
patient0158_2CH_ED, A2C
patient0158_2CH_ES, A2C
patient0158_4CH_ED, A4C
patient0158_4CH_ES, A4C
patient0159_2CH_ED, A4C
patient0159_2CH_ES, A2C
patient0159_4CH_ED, A4C
patient0159_4CH_ES, A4C
patient0160_2CH_ED, A2C
patient0160_2CH_ES, A4C
patient0160_4CH_ED, A4C
patient0160_4CH_ES, A4C
patient0161_2CH_ED, A4C
patient0161_2CH_ES, A4C
patient0161_4CH_ED, A4C
patient0161_4CH_ES, A4C
patient0162_2CH_ED, A4C
patient0162_2CH_ES, A2C
patient0162_4CH_ED, A4C
patient0162_4CH_ES, A4C
patient0163_2CH_ED, A4C
patient0163_2CH_ES, A2C
patient0163_4CH_ED, A4C
patient0163_4CH_ES, A4C
patient0164_2CH_ED, A4C
patient0164_2CH_ES, A4C
patient0164_4CH_ED, A4C
patient0164_4CH_ES, A4C
patient0165_2CH_ED, A2C
patient0165_2CH_ES, A2C
patient0165_4CH_ED, A4C
patient0165_4CH_ES, A4C
patient0166_2CH_ED, A2C
patient0166_2CH_ES, A2C
patient0166_4CH_ED, A4C
patient0166_4CH_ES, A4C
patient0167_2CH_ED, A4C
patient0167_2CH_ES, A2C
patient0167_4CH_ED, A4C
patient0167_4CH_ES, A4C
patient0168_2CH_ED, A2C
patient0168_2CH_ES, A2C
patient0168_4CH_ED, A4C
patient0168_4CH_ES, A4C
patient0169_2CH_ED, A2C
patient0169_2CH_ES, A4C
patient0169_4CH_ED, A4C
patient0169_4CH_ES, A4C
patient0170_2CH_ED, A4C
patient0170_2CH_ES, A4C
patient0170_4CH_ED, A4C
patient0170_4CH_ES, A4C
patient0171_2CH_ED, A4C
patient0171_2CH_ES, A4C
patient0171_4CH_ED, A4C
patient0171_4CH_ES, A4C
patient0172_2CH_ED, A2C
patient0172_2CH_ES, A2C
patient0172_4CH_ED, A4C
patient0172_4CH_ES, A4C
patient0173_2CH_ED, A4C
patient0173_2CH_ES, A4C
patient0173_4CH_ED, A4C
patient0173_4CH_ES, A4C
patient0174_2CH_ED, A4C
patient0174_2CH_ES, A4C
patient0174_4CH_ED, A4C
patient0174_4CH_ES, A4C
patient0175_2CH_ED, A4C
patient0175_2CH_ES, A4C
patient0175_4CH_ED, A4C
patient0175_4CH_ES, A4C
patient0176_2CH_ED, A4C
patient0176_2CH_ES, A4C
patient0176_4CH_ED, A4C
patient0176_4CH_ES, A4C
patient0177_2CH_ED, A4C
patient0177_2CH_ES, A4C
patient0177_4CH_ED, A4C
patient0177_4CH_ES, A4C
patient0178_2CH_ED, A4C
patient0178_2CH_ES, A4C
patient0178_4CH_ED, A4C
patient0178_4CH_ES, A4C
patient0179_2CH_ED, A4C
patient0179_2CH_ES, A4C
patient0179_4CH_ED, A4C
patient0179_4CH_ES, A4C
patient0180_2CH_ED, A4C
patient0180_2CH_ES, A4C
patient0180_4CH_ED, A4C
patient0180_4CH_ES, A4C
patient0181_2CH_ED, A2C
patient0181_2CH_ES, A2C
patient0181_4CH_ED, A4C
patient0181_4CH_ES, A4C
patient0182_2CH_ED, A4C
patient0182_2CH_ES, A2C
patient0182_4CH_ED, A4C
patient0182_4CH_ES, A4C
patient0183_2CH_ED, A2C
patient0183_2CH_ES, A2C
patient0183_4CH_ED, A4C
patient0183_4CH_ES, A4C
patient0184_2CH_ED, A2C
patient0184_2CH_ES, A2C
patient0184_4CH_ED, A4C
patient0184_4CH_ES, A4C
patient0185_2CH_ED, A2C
patient0185_2CH_ES, A2C
patient0185_4CH_ED, A4C
patient0185_4CH_ES, A4C
patient0186_2CH_ED, A2C
patient0186_2CH_ES, A2C
patient0186_4CH_ED, A4C
patient0186_4CH_ES, A4C
patient0187_2CH_ED, A2C
patient0187_2CH_ES, A2C
patient0187_4CH_ED, A4C
patient0187_4CH_ES, A4C
patient0188_2CH_ED, A4C
patient0188_2CH_ES, A4C
patient0188_4CH_ED, A4C
patient0188_4CH_ES, A4C
patient0189_2CH_ED, A2C
patient0189_2CH_ES, A4C
patient0189_4CH_ED, A4C
patient0189_4CH_ES, A4C
patient0190_2CH_ED, A2C
patient0190_2CH_ES, A2C
patient0190_4CH_ED, A4C
patient0190_4CH_ES, A4C
patient0191_2CH_ED, A4C
patient0191_2CH_ES, A4C
patient0191_4CH_ED, A4C
patient0191_4CH_ES, A4C
patient0192_2CH_ED, A2C
patient0192_2CH_ES, A2C
patient0192_4CH_ED, A4C
patient0192_4CH_ES, A4C
patient0193_2CH_ED, A2C
patient0193_2CH_ES, A4C
patient0193_4CH_ED, A4C
patient0193_4CH_ES, A4C
patient0194_2CH_ED, A4C
patient0194_2CH_ES, A4C
patient0194_4CH_ED, A4C
patient0194_4CH_ES, A4C
patient0195_2CH_ED, A2C
patient0195_2CH_ES, A4C
patient0195_4CH_ED, A4C
patient0195_4CH_ES, A4C
patient0196_2CH_ED, A2C
patient0196_2CH_ES, A2C
patient0196_4CH_ED, A4C
patient0196_4CH_ES, A4C
patient0197_2CH_ED, A4C
patient0197_2CH_ES, A2C
patient0197_4CH_ED, A4C
patient0197_4CH_ES, A4C
patient0198_2CH_ED, A2C
patient0198_2CH_ES, A4C
patient0198_4CH_ED, A4C
patient0198_4CH_ES, A4C
patient0199_2CH_ED, A2C
patient0199_2CH_ES, A2C
patient0199_4CH_ED, A4C
patient0199_4CH_ES, A4C
patient0200_2CH_ED, A4C
patient0200_2CH_ES, A4C
patient0200_4CH_ED, A4C
patient0200_4CH_ES, A4C
patient0201_2CH_ED, A4C
patient0201_2CH_ES, A4C
patient0201_4CH_ED, A4C
patient0201_4CH_ES, A4C
patient0202_2CH_ED, A4C
patient0202_2CH_ES, A2C
patient0202_4CH_ED, A4C
patient0202_4CH_ES, A4C
patient0203_2CH_ED, A2C
patient0203_2CH_ES, A2C
patient0203_4CH_ED, A4C
patient0203_4CH_ES, A4C
patient0204_2CH_ED, A2C
patient0204_2CH_ES, A2C
patient0204_4CH_ED, A4C
patient0204_4CH_ES, A4C
patient0205_2CH_ED, A4C
patient0205_2CH_ES, A4C
patient0205_4CH_ED, A4C
patient0205_4CH_ES, A4C
patient0206_2CH_ED, A4C
patient0206_2CH_ES, A2C
patient0206_4CH_ED, A4C
patient0206_4CH_ES, A4C
patient0207_2CH_ED, A2C
patient0207_2CH_ES, A2C
patient0207_4CH_ED, A4C
patient0207_4CH_ES, A4C
patient0208_2CH_ED, A4C
patient0208_2CH_ES, A4C
patient0208_4CH_ED, A4C
patient0208_4CH_ES, A4C
patient0209_2CH_ED, A4C
patient0209_2CH_ES, A4C
patient0209_4CH_ED, A4C
patient0209_4CH_ES, A4C
patient0210_2CH_ED, A4C
patient0210_2CH_ES, A4C
patient0210_4CH_ED, A4C
patient0210_4CH_ES, A4C
patient0211_2CH_ED, A2C
patient0211_2CH_ES, A2C
patient0211_4CH_ED, A4C
patient0211_4CH_ES, A4C
patient0212_2CH_ED, A4C
patient0212_2CH_ES, A2C
patient0212_4CH_ED, A4C
patient0212_4CH_ES, A4C
patient0213_2CH_ED, A4C
patient0213_2CH_ES, A2C
patient0213_4CH_ED, A4C
patient0213_4CH_ES, A4C
patient0214_2CH_ED, A4C
patient0214_2CH_ES, A4C
patient0214_4CH_ED, A4C
patient0214_4CH_ES, A4C
patient0215_2CH_ED, A4C
patient0215_2CH_ES, A4C
patient0215_4CH_ED, A4C
patient0215_4CH_ES, A4C
patient0216_2CH_ED, A2C
patient0216_2CH_ES, A2C
patient0216_4CH_ED, A4C
patient0216_4CH_ES, A4C
patient0217_2CH_ED, A4C
patient0217_2CH_ES, A4C
patient0217_4CH_ED, A4C
patient0217_4CH_ES, A4C
patient0218_2CH_ED, A4C
patient0218_2CH_ES, A4C
patient0218_4CH_ED, A4C
patient0218_4CH_ES, A4C
patient0219_2CH_ED, A2C
patient0219_2CH_ES, A4C
patient0219_4CH_ED, A4C
patient0219_4CH_ES, A4C
patient0220_2CH_ED, A4C
patient0220_2CH_ES, A2C
patient0220_4CH_ED, A4C
patient0220_4CH_ES, A4C
patient0221_2CH_ED, A2C
patient0221_2CH_ES, A2C
patient0221_4CH_ED, A4C
patient0221_4CH_ES, A4C
patient0222_2CH_ED, A2C
patient0222_2CH_ES, A2C
patient0222_4CH_ED, A4C
patient0222_4CH_ES, A4C
patient0223_2CH_ED, A2C
patient0223_2CH_ES, A4C
patient0223_4CH_ED, A4C
patient0223_4CH_ES, A4C
patient0224_2CH_ED, A2C
patient0224_2CH_ES, A2C
patient0224_4CH_ED, A4C
patient0224_4CH_ES, A4C
patient0225_2CH_ED, A4C
patient0225_2CH_ES, A2C
patient0225_4CH_ED, A4C
patient0225_4CH_ES, A4C
patient0226_2CH_ED, A2C
patient0226_2CH_ES, A2C
patient0226_4CH_ED, A4C
patient0226_4CH_ES, A4C
patient0227_2CH_ED, A2C
patient0227_2CH_ES, A4C
patient0227_4CH_ED, A4C
patient0227_4CH_ES, A4C
patient0228_2CH_ED, A4C
patient0228_2CH_ES, A2C
patient0228_4CH_ED, A4C
patient0228_4CH_ES, A4C
patient0229_2CH_ED, A4C
patient0229_2CH_ES, A2C
patient0229_4CH_ED, A4C
patient0229_4CH_ES, A4C
patient0230_2CH_ED, A4C
patient0230_2CH_ES, A4C
patient0230_4CH_ED, A4C
patient0230_4CH_ES, A4C
patient0231_2CH_ED, A4C
patient0231_2CH_ES, A4C
patient0231_4CH_ED, A4C
patient0231_4CH_ES, A4C
patient0232_2CH_ED, A4C
patient0232_2CH_ES, A4C
patient0232_4CH_ED, A4C
patient0232_4CH_ES, A4C
patient0233_2CH_ED, A2C
patient0233_2CH_ES, A4C
patient0233_4CH_ED, A4C
patient0233_4CH_ES, A4C
patient0234_2CH_ED, A2C
patient0234_2CH_ES, A2C
patient0234_4CH_ED, A4C
patient0234_4CH_ES, A4C
patient0235_2CH_ED, A2C
patient0235_2CH_ES, A2C
patient0235_4CH_ED, A4C
patient0235_4CH_ES, A4C
patient0236_2CH_ED, A4C
patient0236_2CH_ES, A2C
patient0236_4CH_ED, A4C
patient0236_4CH_ES, A4C
patient0237_2CH_ED, A2C
patient0237_2CH_ES, A4C
patient0237_4CH_ED, A4C
patient0237_4CH_ES, A4C
patient0238_2CH_ED, A4C
patient0238_2CH_ES, A4C
patient0238_4CH_ED, A4C
patient0238_4CH_ES, A4C
patient0239_2CH_ED, A4C
patient0239_2CH_ES, A4C
patient0239_4CH_ED, A4C
patient0239_4CH_ES, A4C
patient0240_2CH_ED, A2C
patient0240_2CH_ES, A2C
patient0240_4CH_ED, A4C
patient0240_4CH_ES, A4C
patient0241_2CH_ED, A4C
patient0241_2CH_ES, A4C
patient0241_4CH_ED, A4C
patient0241_4CH_ES, A4C
patient0242_2CH_ED, A2C
patient0242_2CH_ES, A4C
patient0242_4CH_ED, A4C
patient0242_4CH_ES, A4C
patient0243_2CH_ED, A2C
patient0243_2CH_ES, A2C
patient0243_4CH_ED, A4C
patient0243_4CH_ES, A4C
patient0244_2CH_ED, A2C
patient0244_2CH_ES, A4C
patient0244_4CH_ED, A4C
patient0244_4CH_ES, A4C
patient0245_2CH_ED, A4C
patient0245_2CH_ES, A4C
patient0245_4CH_ED, A4C
patient0245_4CH_ES, A4C
patient0246_2CH_ED, A2C
patient0246_2CH_ES, A2C
patient0246_4CH_ED, A4C
patient0246_4CH_ES, A4C
patient0247_2CH_ED, A4C
patient0247_2CH_ES, A4C
patient0247_4CH_ED, A4C
patient0247_4CH_ES, A4C
patient0248_2CH_ED, A2C
patient0248_2CH_ES, A2C
patient0248_4CH_ED, A4C
patient0248_4CH_ES, A4C
patient0249_2CH_ED, A4C
patient0249_2CH_ES, A4C
patient0249_4CH_ED, A4C
patient0249_4CH_ES, A4C
patient0250_2CH_ED, A4C
patient0250_2CH_ES, A2C
patient0250_4CH_ED, A4C
patient0250_4CH_ES, A4C
patient0251_2CH_ED, A2C
patient0251_2CH_ES, A4C
patient0251_4CH_ED, A4C
patient0251_4CH_ES, A4C
patient0252_2CH_ED, A2C
patient0252_2CH_ES, A2C
patient0252_4CH_ED, A4C
patient0252_4CH_ES, A4C
patient0253_2CH_ED, A4C
patient0253_2CH_ES, A2C
patient0253_4CH_ED, A4C
patient0253_4CH_ES, A4C
patient0254_2CH_ED, A2C
patient0254_2CH_ES, A4C
patient0254_4CH_ED, A4C
patient0254_4CH_ES, A4C
patient0255_2CH_ED, A2C
patient0255_2CH_ES, A2C
patient0255_4CH_ED, A4C
patient0255_4CH_ES, A4C
patient0256_2CH_ED, A2C
patient0256_2CH_ES, A2C
patient0256_4CH_ED, A4C
patient0256_4CH_ES, A4C
patient0257_2CH_ED, A4C
patient0257_2CH_ES, A4C
patient0257_4CH_ED, A4C
patient0257_4CH_ES, A4C
patient0258_2CH_ED, A2C
patient0258_2CH_ES, A2C
patient0258_4CH_ED, A4C
patient0258_4CH_ES, A4C
patient0259_2CH_ED, A2C
patient0259_2CH_ES, A4C
patient0259_4CH_ED, A4C
patient0259_4CH_ES, A4C
patient0260_2CH_ED, A2C
patient0260_2CH_ES, A4C
patient0260_4CH_ED, A4C
patient0260_4CH_ES, A4C
patient0261_2CH_ED, A4C
patient0261_2CH_ES, A2C
patient0261_4CH_ED, A4C
patient0261_4CH_ES, A4C
patient0262_2CH_ED, A2C
patient0262_2CH_ES, A2C
patient0262_4CH_ED, A4C
patient0262_4CH_ES, A4C
patient0263_2CH_ED, A2C
patient0263_2CH_ES, A2C
patient0263_4CH_ED, A4C
patient0263_4CH_ES, A4C
patient0264_2CH_ED, A4C
patient0264_2CH_ES, A2C
patient0264_4CH_ED, A4C
patient0264_4CH_ES, A4C
patient0265_2CH_ED, A2C
patient0265_2CH_ES, A4C
patient0265_4CH_ED, A4C
patient0265_4CH_ES, A4C
patient0266_2CH_ED, A4C
patient0266_2CH_ES, A4C
patient0266_4CH_ED, A4C
patient0266_4CH_ES, A4C
patient0267_2CH_ED, A2C
patient0267_2CH_ES, A2C
patient0267_4CH_ED, A4C
patient0267_4CH_ES, A4C
patient0268_2CH_ED, A2C
patient0268_2CH_ES, A2C
patient0268_4CH_ED, A4C
patient0268_4CH_ES, A4C
patient0269_2CH_ED, A4C
patient0269_2CH_ES, A4C
patient0269_4CH_ED, A4C
patient0269_4CH_ES, A4C
patient0270_2CH_ED, A2C
patient0270_2CH_ES, A2C
patient0270_4CH_ED, A4C
patient0270_4CH_ES, A4C
patient0271_2CH_ED, A2C
patient0271_2CH_ES, A2C
patient0271_4CH_ED, A4C
patient0271_4CH_ES, A4C
patient0272_2CH_ED, A2C
patient0272_2CH_ES, A4C
patient0272_4CH_ED, A4C
patient0272_4CH_ES, A4C
patient0273_2CH_ED, A4C
patient0273_2CH_ES, A4C
patient0273_4CH_ED, A4C
patient0273_4CH_ES, A2C
patient0274_2CH_ED, A4C
patient0274_2CH_ES, A4C
patient0274_4CH_ED, A4C
patient0274_4CH_ES, A4C
patient0275_2CH_ED, A2C
patient0275_2CH_ES, A4C
patient0275_4CH_ED, A4C
patient0275_4CH_ES, A4C
patient0276_2CH_ED, A4C
patient0276_2CH_ES, A2C
patient0276_4CH_ED, A4C
patient0276_4CH_ES, A4C
patient0277_2CH_ED, A4C
patient0277_2CH_ES, A4C
patient0277_4CH_ED, A4C
patient0277_4CH_ES, A4C
patient0278_2CH_ED, A4C
patient0278_2CH_ES, A4C
patient0278_4CH_ED, A4C
patient0278_4CH_ES, A4C
patient0279_2CH_ED, A4C
patient0279_2CH_ES, A4C
patient0279_4CH_ED, A4C
patient0279_4CH_ES, A4C
patient0280_2CH_ED, A2C
patient0280_2CH_ES, A2C
patient0280_4CH_ED, A4C
patient0280_4CH_ES, A4C
patient0281_2CH_ED, A2C
patient0281_2CH_ES, A4C
patient0281_4CH_ED, A4C
patient0281_4CH_ES, A4C
patient0282_2CH_ED, A2C
patient0282_2CH_ES, A2C
patient0282_4CH_ED, A4C
patient0282_4CH_ES, A4C
patient0283_2CH_ED, A2C
patient0283_2CH_ES, A2C
patient0283_4CH_ED, A4C
patient0283_4CH_ES, A4C
patient0284_2CH_ED, A2C
patient0284_2CH_ES, A2C
patient0284_4CH_ED, A4C
patient0284_4CH_ES, A4C
patient0285_2CH_ED, A4C
patient0285_2CH_ES, A2C
patient0285_4CH_ED, A4C
patient0285_4CH_ES, A4C
patient0286_2CH_ED, A2C
patient0286_2CH_ES, A2C
patient0286_4CH_ED, A4C
patient0286_4CH_ES, A4C
patient0287_2CH_ED, A2C
patient0287_2CH_ES, A2C
patient0287_4CH_ED, A4C
patient0287_4CH_ES, A4C
patient0288_2CH_ED, A2C
patient0288_2CH_ES, A2C
patient0288_4CH_ED, A4C
patient0288_4CH_ES, A4C
patient0289_2CH_ED, A4C
patient0289_2CH_ES, A4C
patient0289_4CH_ED, A4C
patient0289_4CH_ES, A4C
patient0290_2CH_ED, A4C
patient0290_2CH_ES, A4C
patient0290_4CH_ED, A4C
patient0290_4CH_ES, A4C
patient0291_2CH_ED, A2C
patient0291_2CH_ES, A2C
patient0291_4CH_ED, A4C
patient0291_4CH_ES, A4C
patient0292_2CH_ED, A4C
patient0292_2CH_ES, A4C
patient0292_4CH_ED, A4C
patient0292_4CH_ES, A4C
patient0293_2CH_ED, A2C
patient0293_2CH_ES, A2C
patient0293_4CH_ED, A4C
patient0293_4CH_ES, A4C
patient0294_2CH_ED, A4C
patient0294_2CH_ES, A4C
patient0294_4CH_ED, A4C
patient0294_4CH_ES, A4C
patient0295_2CH_ED, A2C
patient0295_2CH_ES, A2C
patient0295_4CH_ED, A4C
patient0295_4CH_ES, A4C
patient0296_2CH_ED, A4C
patient0296_2CH_ES, A4C
patient0296_4CH_ED, A4C
patient0296_4CH_ES, A4C
patient0297_2CH_ED, A2C
patient0297_2CH_ES, A2C
patient0297_4CH_ED, A4C
patient0297_4CH_ES, A4C
patient0298_2CH_ED, A2C
patient0298_2CH_ES, A2C
patient0298_4CH_ED, A4C
patient0298_4CH_ES, A4C
patient0299_2CH_ED, A4C
patient0299_2CH_ES, A2C
patient0299_4CH_ED, A4C
patient0299_4CH_ES, A4C
patient0300_2CH_ED, A2C
patient0300_2CH_ES, A2C
patient0300_4CH_ED, A4C
patient0300_4CH_ES, A4C
patient0301_2CH_ED, A2C
patient0301_2CH_ES, A2C
patient0301_4CH_ED, A4C
patient0301_4CH_ES, A4C
patient0302_2CH_ED, A4C
patient0302_2CH_ES, A2C
patient0302_4CH_ED, A4C
patient0302_4CH_ES, A4C
patient0303_2CH_ED, A4C
patient0303_2CH_ES, A4C
patient0303_4CH_ED, A4C
patient0303_4CH_ES, A4C
patient0304_2CH_ED, A4C
patient0304_2CH_ES, A2C
patient0304_4CH_ED, A4C
patient0304_4CH_ES, A4C
patient0305_2CH_ED, A2C
patient0305_2CH_ES, A2C
patient0305_4CH_ED, A4C
patient0305_4CH_ES, A4C
patient0306_2CH_ED, A2C
patient0306_2CH_ES, A2C
patient0306_4CH_ED, A4C
patient0306_4CH_ES, A4C
patient0307_2CH_ED, A2C
patient0307_2CH_ES, A4C
patient0307_4CH_ED, A4C
patient0307_4CH_ES, A4C
patient0308_2CH_ED, A2C
patient0308_2CH_ES, A2C
patient0308_4CH_ED, A4C
patient0308_4CH_ES, A4C
patient0309_2CH_ED, A4C
patient0309_2CH_ES, A2C
patient0309_4CH_ED, A4C
patient0309_4CH_ES, A4C
patient0310_2CH_ED, A4C
patient0310_2CH_ES, A2C
patient0310_4CH_ED, A4C
patient0310_4CH_ES, A4C
patient0311_2CH_ED, A2C
patient0311_2CH_ES, A2C
patient0311_4CH_ED, A4C
patient0311_4CH_ES, A4C
patient0312_2CH_ED, A2C
patient0312_2CH_ES, A2C
patient0312_4CH_ED, A4C
patient0312_4CH_ES, A4C
patient0313_2CH_ED, A2C
patient0313_2CH_ES, A2C
patient0313_4CH_ED, A4C
patient0313_4CH_ES, A4C
patient0314_2CH_ED, A2C
patient0314_2CH_ES, A2C
patient0314_4CH_ED, A4C
patient0314_4CH_ES, A4C
patient0315_2CH_ED, A2C
patient0315_2CH_ES, A2C
patient0315_4CH_ED, A4C
patient0315_4CH_ES, A4C
patient0316_2CH_ED, A2C
patient0316_2CH_ES, A4C
patient0316_4CH_ED, A4C
patient0316_4CH_ES, A4C
patient0317_2CH_ED, A4C
patient0317_2CH_ES, A2C
patient0317_4CH_ED, A4C
patient0317_4CH_ES, A4C
patient0318_2CH_ED, A4C
patient0318_2CH_ES, A4C
patient0318_4CH_ED, A4C
patient0318_4CH_ES, A4C
patient0319_2CH_ED, A2C
patient0319_2CH_ES, A2C
patient0319_4CH_ED, A4C
patient0319_4CH_ES, A4C
patient0320_2CH_ED, A4C
patient0320_2CH_ES, A2C
patient0320_4CH_ED, A4C
patient0320_4CH_ES, A4C
patient0321_2CH_ED, A4C
patient0321_2CH_ES, A4C
patient0321_4CH_ED, A4C
patient0321_4CH_ES, A4C
patient0322_2CH_ED, A2C
patient0322_2CH_ES, A2C
patient0322_4CH_ED, A4C
patient0322_4CH_ES, A4C
patient0323_2CH_ED, A4C
patient0323_2CH_ES, A4C
patient0323_4CH_ED, A4C
patient0323_4CH_ES, A4C
patient0324_2CH_ED, A4C
patient0324_2CH_ES, A4C
patient0324_4CH_ED, A4C
patient0324_4CH_ES, A4C
patient0325_2CH_ED, A2C
patient0325_2CH_ES, A2C
patient0325_4CH_ED, A4C
patient0325_4CH_ES, A4C
patient0326_2CH_ED, A2C
patient0326_2CH_ES, A2C
patient0326_4CH_ED, A4C
patient0326_4CH_ES, A4C
patient0327_2CH_ED, A2C
patient0327_2CH_ES, A4C
patient0327_4CH_ED, A4C
patient0327_4CH_ES, A4C
patient0328_2CH_ED, A2C
patient0328_2CH_ES, A2C
patient0328_4CH_ED, A4C
patient0328_4CH_ES, A4C
patient0329_2CH_ED, A4C
patient0329_2CH_ES, A4C
patient0329_4CH_ED, A4C
patient0329_4CH_ES, A4C
patient0330_2CH_ED, A4C
patient0330_2CH_ES, A2C
patient0330_4CH_ED, A4C
patient0330_4CH_ES, A4C
patient0331_2CH_ED, A2C
patient0331_2CH_ES, A2C
patient0331_4CH_ED, A4C
patient0331_4CH_ES, A4C
patient0332_2CH_ED, A2C
patient0332_2CH_ES, A2C
patient0332_4CH_ED, A4C
patient0332_4CH_ES, A4C
patient0333_2CH_ED, A4C
patient0333_2CH_ES, A2C
patient0333_4CH_ED, A4C
patient0333_4CH_ES, A4C
patient0334_2CH_ED, A2C
patient0334_2CH_ES, A2C
patient0334_4CH_ED, A4C
patient0334_4CH_ES, A4C
patient0335_2CH_ED, A4C
patient0335_2CH_ES, A4C
patient0335_4CH_ED, A4C
patient0335_4CH_ES, A4C
patient0336_2CH_ED, A4C
patient0336_2CH_ES, A4C
patient0336_4CH_ED, A4C
patient0336_4CH_ES, A4C
patient0337_2CH_ED, A2C
patient0337_2CH_ES, A2C
patient0337_4CH_ED, A4C
patient0337_4CH_ES, A4C
patient0338_2CH_ED, A2C
patient0338_2CH_ES, A2C
patient0338_4CH_ED, A4C
patient0338_4CH_ES, A4C
patient0339_2CH_ED, A2C
patient0339_2CH_ES, A2C
patient0339_4CH_ED, A4C
patient0339_4CH_ES, A4C
patient0340_2CH_ED, A4C
patient0340_2CH_ES, A4C
patient0340_4CH_ED, A4C
patient0340_4CH_ES, A4C
patient0341_2CH_ED, A4C
patient0341_2CH_ES, A4C
patient0341_4CH_ED, A4C
patient0341_4CH_ES, A4C
patient0342_2CH_ED, A4C
patient0342_2CH_ES, A4C
patient0342_4CH_ED, A4C
patient0342_4CH_ES, A4C
patient0343_2CH_ED, A4C
patient0343_2CH_ES, A4C
patient0343_4CH_ED, A4C
patient0343_4CH_ES, A4C
patient0344_2CH_ED, A4C
patient0344_2CH_ES, A2C
patient0344_4CH_ED, A4C
patient0344_4CH_ES, A4C
patient0345_2CH_ED, A2C
patient0345_2CH_ES, A4C
patient0345_4CH_ED, A4C
patient0345_4CH_ES, A4C
patient0346_2CH_ED, A2C
patient0346_2CH_ES, A2C
patient0346_4CH_ED, A4C
patient0346_4CH_ES, A4C
patient0347_2CH_ED, A2C
patient0347_2CH_ES, A2C
patient0347_4CH_ED, A4C
patient0347_4CH_ES, A4C
patient0348_2CH_ED, A4C
patient0348_2CH_ES, A2C
patient0348_4CH_ED, A4C
patient0348_4CH_ES, A4C
patient0349_2CH_ED, A2C
patient0349_2CH_ES, A2C
patient0349_4CH_ED, A4C
patient0349_4CH_ES, A4C
patient0350_2CH_ED, A4C
patient0350_2CH_ES, A4C
patient0350_4CH_ED, A4C
patient0350_4CH_ES, A4C
patient0351_2CH_ED, A2C
patient0351_2CH_ES, A2C
patient0351_4CH_ED, A4C
patient0351_4CH_ES, A4C
patient0352_2CH_ED, A2C
patient0352_2CH_ES, A2C
patient0352_4CH_ED, A4C
patient0352_4CH_ES, A4C
patient0353_2CH_ED, A4C
patient0353_2CH_ES, A2C
patient0353_4CH_ED, A4C
patient0353_4CH_ES, A4C
patient0354_2CH_ED, A4C
patient0354_2CH_ES, A2C
patient0354_4CH_ED, A4C
patient0354_4CH_ES, A4C
patient0355_2CH_ED, A2C
patient0355_2CH_ES, A2C
patient0355_4CH_ED, A4C
patient0355_4CH_ES, A4C
patient0356_2CH_ED, A4C
patient0356_2CH_ES, A4C
patient0356_4CH_ED, A4C
patient0356_4CH_ES, A4C
patient0357_2CH_ED, A2C
patient0357_2CH_ES, A2C
patient0357_4CH_ED, A4C
patient0357_4CH_ES, A4C
patient0358_2CH_ED, A4C
patient0358_2CH_ES, A4C
patient0358_4CH_ED, A4C
patient0358_4CH_ES, A4C
patient0359_2CH_ED, A4C
patient0359_2CH_ES, A4C
patient0359_4CH_ED, A4C
patient0359_4CH_ES, A4C
patient0360_2CH_ED, A2C
patient0360_2CH_ES, A2C
patient0360_4CH_ED, A4C
patient0360_4CH_ES, A4C
patient0361_2CH_ED, A2C
patient0361_2CH_ES, A4C
patient0361_4CH_ED, A4C
patient0361_4CH_ES, A4C
patient0362_2CH_ED, A4C
patient0362_2CH_ES, A4C
patient0362_4CH_ED, A4C
patient0362_4CH_ES, A4C
patient0363_2CH_ED, A2C
patient0363_2CH_ES, A2C
patient0363_4CH_ED, A4C
patient0363_4CH_ES, A4C
patient0364_2CH_ED, A4C
patient0364_2CH_ES, A4C
patient0364_4CH_ED, A4C
patient0364_4CH_ES, A4C
patient0365_2CH_ED, A4C
patient0365_2CH_ES, A4C
patient0365_4CH_ED, A4C
patient0365_4CH_ES, A4C
patient0366_2CH_ED, A2C
patient0366_2CH_ES, A2C
patient0366_4CH_ED, A4C
patient0366_4CH_ES, A4C
patient0367_2CH_ED, A2C
patient0367_2CH_ES, A4C
patient0367_4CH_ED, A4C
patient0367_4CH_ES, A4C
patient0368_2CH_ED, A4C
patient0368_2CH_ES, A4C
patient0368_4CH_ED, A4C
patient0368_4CH_ES, A4C
patient0369_2CH_ED, A2C
patient0369_2CH_ES, A2C
patient0369_4CH_ED, A4C
patient0369_4CH_ES, A4C
patient0370_2CH_ED, A4C
patient0370_2CH_ES, A4C
patient0370_4CH_ED, A4C
patient0370_4CH_ES, A4C
patient0371_2CH_ED, A2C
patient0371_2CH_ES, A2C
patient0371_4CH_ED, A4C
patient0371_4CH_ES, A4C
patient0372_2CH_ED, A4C
patient0372_2CH_ES, A4C
patient0372_4CH_ED, A4C
patient0372_4CH_ES, A4C
patient0373_2CH_ED, A4C
patient0373_2CH_ES, A2C
patient0373_4CH_ED, A4C
patient0373_4CH_ES, A4C
patient0374_2CH_ED, A2C
patient0374_2CH_ES, A2C
patient0374_4CH_ED, A4C
patient0374_4CH_ES, A4C
patient0375_2CH_ED, A4C
patient0375_2CH_ES, A2C
patient0375_4CH_ED, A4C
patient0375_4CH_ES, A4C
patient0376_2CH_ED, A2C
patient0376_2CH_ES, A2C
patient0376_4CH_ED, A4C
patient0376_4CH_ES, A4C
patient0377_2CH_ED, A4C
patient0377_2CH_ES, A2C
patient0377_4CH_ED, A4C
patient0377_4CH_ES, A4C
patient0378_2CH_ED, A4C
patient0378_2CH_ES, A4C
patient0378_4CH_ED, A4C
patient0378_4CH_ES, A4C
patient0379_2CH_ED, A4C
patient0379_2CH_ES, A4C
patient0379_4CH_ED, A4C
patient0379_4CH_ES, A4C
patient0380_2CH_ED, A2C
patient0380_2CH_ES, A4C
patient0380_4CH_ED, A4C
patient0380_4CH_ES, A4C
patient0381_2CH_ED, A4C
patient0381_2CH_ES, A4C
patient0381_4CH_ED, A4C
patient0381_4CH_ES, A4C
patient0382_2CH_ED, A2C
patient0382_2CH_ES, A4C
patient0382_4CH_ED, A4C
patient0382_4CH_ES, A4C
patient0383_2CH_ED, A2C
patient0383_2CH_ES, A2C
patient0383_4CH_ED, A4C
patient0383_4CH_ES, A4C
patient0384_2CH_ED, A2C
patient0384_2CH_ES, A2C
patient0384_4CH_ED, A4C
patient0384_4CH_ES, A4C
patient0385_2CH_ED, A2C
patient0385_2CH_ES, A2C
patient0385_4CH_ED, A4C
patient0385_4CH_ES, A4C
patient0386_2CH_ED, A4C
patient0386_2CH_ES, A4C
patient0386_4CH_ED, A4C
patient0386_4CH_ES, A4C
patient0387_2CH_ED, A4C
patient0387_2CH_ES, A4C
patient0387_4CH_ED, A4C
patient0387_4CH_ES, A4C
patient0388_2CH_ED, A4C
patient0388_2CH_ES, A4C
patient0388_4CH_ED, A4C
patient0388_4CH_ES, A4C
patient0389_2CH_ED, A4C
patient0389_2CH_ES, A4C
patient0389_4CH_ED, A4C
patient0389_4CH_ES, A4C
patient0390_2CH_ED, A4C
patient0390_2CH_ES, A4C
patient0390_4CH_ED, A4C
patient0390_4CH_ES, A4C
patient0391_2CH_ED, A4C
patient0391_2CH_ES, A4C
patient0391_4CH_ED, A4C
patient0391_4CH_ES, A4C
patient0392_2CH_ED, A2C
patient0392_2CH_ES, A2C
patient0392_4CH_ED, A4C
patient0392_4CH_ES, A4C
patient0393_2CH_ED, A4C
patient0393_2CH_ES, A4C
patient0393_4CH_ED, A4C
patient0393_4CH_ES, A4C
patient0394_2CH_ED, A2C
patient0394_2CH_ES, A2C
patient0394_4CH_ED, A4C
patient0394_4CH_ES, A4C
patient0395_2CH_ED, A2C
patient0395_2CH_ES, A2C
patient0395_4CH_ED, A4C
patient0395_4CH_ES, A4C
patient0396_2CH_ED, A4C
patient0396_2CH_ES, A4C
patient0396_4CH_ED, A4C
patient0396_4CH_ES, A4C
patient0397_2CH_ED, A4C
patient0397_2CH_ES, A2C
patient0397_4CH_ED, A4C
patient0397_4CH_ES, A4C
patient0398_2CH_ED, A2C
patient0398_2CH_ES, A4C
patient0398_4CH_ED, A4C
patient0398_4CH_ES, A4C
patient0399_2CH_ED, A4C
patient0399_2CH_ES, A4C
patient0399_4CH_ED, A4C
patient0399_4CH_ES, A4C
patient0400_2CH_ED, A2C
patient0400_2CH_ES, A2C
patient0400_4CH_ED, A4C
patient0400_4CH_ES, A4C
patient0401_2CH_ED, A2C
patient0401_2CH_ES, A2C
patient0401_4CH_ED, A4C
patient0401_4CH_ES, A4C
patient0402_2CH_ED, A2C
patient0402_2CH_ES, A2C
patient0402_4CH_ED, A4C
patient0402_4CH_ES, A4C
patient0403_2CH_ED, A2C
patient0403_2CH_ES, A2C
patient0403_4CH_ED, A4C
patient0403_4CH_ES, A4C
patient0404_2CH_ED, A4C
patient0404_2CH_ES, A4C
patient0404_4CH_ED, A4C
patient0404_4CH_ES, A4C
patient0405_2CH_ED, A2C
patient0405_2CH_ES, A2C
patient0405_4CH_ED, A4C
patient0405_4CH_ES, A4C
patient0406_2CH_ED, A4C
patient0406_2CH_ES, A4C
patient0406_4CH_ED, A4C
patient0406_4CH_ES, A4C
patient0407_2CH_ED, A2C
patient0407_2CH_ES, A2C
patient0407_4CH_ED, A4C
patient0407_4CH_ES, A4C
patient0408_2CH_ED, A4C
patient0408_2CH_ES, A4C
patient0408_4CH_ED, A4C
patient0408_4CH_ES, A4C
patient0409_2CH_ED, A4C
patient0409_2CH_ES, A4C
patient0409_4CH_ED, A4C
patient0409_4CH_ES, A4C
patient0410_2CH_ED, A4C
patient0410_2CH_ES, A4C
patient0410_4CH_ED, A4C
patient0410_4CH_ES, A4C
patient0411_2CH_ED, A2C
patient0411_2CH_ES, A2C
patient0411_4CH_ED, A4C
patient0411_4CH_ES, A4C
patient0412_2CH_ED, A2C
patient0412_2CH_ES, A4C
patient0412_4CH_ED, A4C
patient0412_4CH_ES, A4C
patient0413_2CH_ED, A2C
patient0413_2CH_ES, A2C
patient0413_4CH_ED, A4C
patient0413_4CH_ES, A4C
patient0414_2CH_ED, A4C
patient0414_2CH_ES, A4C
patient0414_4CH_ED, A4C
patient0414_4CH_ES, A4C
patient0415_2CH_ED, A4C
patient0415_2CH_ES, A4C
patient0415_4CH_ED, A4C
patient0415_4CH_ES, A4C
patient0416_2CH_ED, A2C
patient0416_2CH_ES, A2C
patient0416_4CH_ED, A4C
patient0416_4CH_ES, A4C
patient0417_2CH_ED, A4C
patient0417_2CH_ES, A2C
patient0417_4CH_ED, A4C
patient0417_4CH_ES, A4C
patient0418_2CH_ED, A4C
patient0418_2CH_ES, A4C
patient0418_4CH_ED, A4C
patient0418_4CH_ES, A4C
patient0419_2CH_ED, A2C
patient0419_2CH_ES, A4C
patient0419_4CH_ED, A4C
patient0419_4CH_ES, A4C
patient0420_2CH_ED, A2C
patient0420_2CH_ES, A4C
patient0420_4CH_ED, A4C
patient0420_4CH_ES, A4C
patient0421_2CH_ED, A2C
patient0421_2CH_ES, A4C
patient0421_4CH_ED, A4C
patient0421_4CH_ES, A4C
patient0422_2CH_ED, A2C
patient0422_2CH_ES, A2C
patient0422_4CH_ED, A4C
patient0422_4CH_ES, A4C
patient0423_2CH_ED, A4C
patient0423_2CH_ES, A4C
patient0423_4CH_ED, A4C
patient0423_4CH_ES, A4C
patient0424_2CH_ED, A4C
patient0424_2CH_ES, A4C
patient0424_4CH_ED, A4C
patient0424_4CH_ES, A4C
patient0425_2CH_ED, A4C
patient0425_2CH_ES, A2C
patient0425_4CH_ED, A4C
patient0425_4CH_ES, A4C
patient0426_2CH_ED, A2C
patient0426_2CH_ES, A4C
patient0426_4CH_ED, A4C
patient0426_4CH_ES, A4C
patient0427_2CH_ED, A4C
patient0427_2CH_ES, A2C
patient0427_4CH_ED, A4C
patient0427_4CH_ES, A4C
patient0428_2CH_ED, A4C
patient0428_2CH_ES, A4C
patient0428_4CH_ED, A4C
patient0428_4CH_ES, A4C
patient0429_2CH_ED, A4C
patient0429_2CH_ES, A4C
patient0429_4CH_ED, A4C
patient0429_4CH_ES, A4C
patient0430_2CH_ED, A4C
patient0430_2CH_ES, A4C
patient0430_4CH_ED, A4C
patient0430_4CH_ES, A4C
patient0431_2CH_ED, A4C
patient0431_2CH_ES, A4C
patient0431_4CH_ED, A4C
patient0431_4CH_ES, A4C
patient0432_2CH_ED, A4C
patient0432_2CH_ES, A2C
patient0432_4CH_ED, A4C
patient0432_4CH_ES, A4C
patient0433_2CH_ED, A4C
patient0433_2CH_ES, A2C
patient0433_4CH_ED, A4C
patient0433_4CH_ES, A4C
patient0434_2CH_ED, A4C
patient0434_2CH_ES, A4C
patient0434_4CH_ED, A4C
patient0434_4CH_ES, A4C
patient0435_2CH_ED, A2C
patient0435_2CH_ES, A4C
patient0435_4CH_ED, A4C
patient0435_4CH_ES, A4C
patient0436_2CH_ED, A4C
patient0436_2CH_ES, A4C
patient0436_4CH_ED, A4C
patient0436_4CH_ES, A4C
patient0437_2CH_ED, A2C
patient0437_2CH_ES, A2C
patient0437_4CH_ED, A4C
patient0437_4CH_ES, A4C
patient0438_2CH_ED, A2C
patient0438_2CH_ES, A4C
patient0438_4CH_ED, A4C
patient0438_4CH_ES, A4C
patient0439_2CH_ED, A4C
patient0439_2CH_ES, A4C
patient0439_4CH_ED, A4C
patient0439_4CH_ES, A4C
patient0440_2CH_ED, A4C
patient0440_2CH_ES, A4C
patient0440_4CH_ED, A4C
patient0440_4CH_ES, A4C
patient0441_2CH_ED, A4C
patient0441_2CH_ES, A4C
patient0441_4CH_ED, A4C
patient0441_4CH_ES, A4C
patient0442_2CH_ED, A4C
patient0442_2CH_ES, A4C
patient0442_4CH_ED, A4C
patient0442_4CH_ES, A4C
patient0443_2CH_ED, A2C
patient0443_2CH_ES, A4C
patient0443_4CH_ED, A4C
patient0443_4CH_ES, A4C
patient0444_2CH_ED, A2C
patient0444_2CH_ES, A2C
patient0444_4CH_ED, A4C
patient0444_4CH_ES, A4C
patient0445_2CH_ED, A4C
patient0445_2CH_ES, A4C
patient0445_4CH_ED, A4C
patient0445_4CH_ES, A4C
patient0446_2CH_ED, A4C
patient0446_2CH_ES, A4C
patient0446_4CH_ED, A4C
patient0446_4CH_ES, A4C
patient0447_2CH_ED, A4C
patient0447_2CH_ES, A4C
patient0447_4CH_ED, A4C
patient0447_4CH_ES, A4C
patient0448_2CH_ED, A4C
patient0448_2CH_ES, A4C
patient0448_4CH_ED, A4C
patient0448_4CH_ES, A4C
patient0449_2CH_ED, A2C
patient0449_2CH_ES, A2C
patient0449_4CH_ED, A4C
patient0449_4CH_ES, A4C
patient0450_2CH_ED, A2C
patient0450_2CH_ES, A4C
patient0450_4CH_ED, A4C
patient0450_4CH_ES, A4C
patient0451_2CH_ED, A4C
patient0451_2CH_ES, A4C
patient0451_4CH_ED, A4C
patient0451_4CH_ES, A4C
patient0452_2CH_ED, A2C
patient0452_2CH_ES, A4C
patient0452_4CH_ED, A4C
patient0452_4CH_ES, A4C
patient0453_2CH_ED, A4C
patient0453_2CH_ES, A4C
patient0453_4CH_ED, A4C
patient0453_4CH_ES, A4C
patient0454_2CH_ED, A2C
patient0454_2CH_ES, A2C
patient0454_4CH_ED, A4C
patient0454_4CH_ES, A4C
patient0455_2CH_ED, A4C
patient0455_2CH_ES, A2C
patient0455_4CH_ED, A4C
patient0455_4CH_ES, A4C
patient0456_2CH_ED, A2C
patient0456_2CH_ES, A2C
patient0456_4CH_ED, A4C
patient0456_4CH_ES, A4C
patient0457_2CH_ED, A2C
patient0457_2CH_ES, A4C
patient0457_4CH_ED, A4C
patient0457_4CH_ES, A4C
patient0458_2CH_ED, A4C
patient0458_2CH_ES, A2C
patient0458_4CH_ED, A4C
patient0458_4CH_ES, A4C
patient0459_2CH_ED, A4C
patient0459_2CH_ES, A4C
patient0459_4CH_ED, A4C
patient0459_4CH_ES, A4C
patient0460_2CH_ED, A2C
patient0460_2CH_ES, A2C
patient0460_4CH_ED, A4C
patient0460_4CH_ES, A4C
patient0461_2CH_ED, A2C
patient0461_2CH_ES, A2C
patient0461_4CH_ED, A4C
patient0461_4CH_ES, A4C
patient0462_2CH_ED, A4C
patient0462_2CH_ES, A4C
patient0462_4CH_ED, A4C
patient0462_4CH_ES, A4C
patient0463_2CH_ED, A2C
patient0463_2CH_ES, A4C
patient0463_4CH_ED, A4C
patient0463_4CH_ES, A4C
patient0464_2CH_ED, A2C
patient0464_2CH_ES, A2C
patient0464_4CH_ED, A4C
patient0464_4CH_ES, A4C
patient0465_2CH_ED, A2C
patient0465_2CH_ES, A2C
patient0465_4CH_ED, A4C
patient0465_4CH_ES, A4C
patient0466_2CH_ED, A2C
patient0466_2CH_ES, A2C
patient0466_4CH_ED, A4C
patient0466_4CH_ES, A4C
patient0467_2CH_ED, A2C
patient0467_2CH_ES, A4C
patient0467_4CH_ED, A4C
patient0467_4CH_ES, A4C
patient0468_2CH_ED, A2C
patient0468_2CH_ES, A2C
patient0468_4CH_ED, A4C
patient0468_4CH_ES, A4C
patient0469_2CH_ED, A2C
patient0469_2CH_ES, A4C
patient0469_4CH_ED, A4C
patient0469_4CH_ES, A4C
patient0470_2CH_ED, A2C
patient0470_2CH_ES, A2C
patient0470_4CH_ED, A4C
patient0470_4CH_ES, A4C
patient0471_2CH_ED, A2C
patient0471_2CH_ES, A2C
patient0471_4CH_ED, A4C
patient0471_4CH_ES, A4C
patient0472_2CH_ED, A4C
patient0472_2CH_ES, A2C
patient0472_4CH_ED, A4C
patient0472_4CH_ES, A4C
patient0473_2CH_ED, A4C
patient0473_2CH_ES, A4C
patient0473_4CH_ED, A4C
patient0473_4CH_ES, A4C
patient0474_2CH_ED, A2C
patient0474_2CH_ES, A2C
patient0474_4CH_ED, A4C
patient0474_4CH_ES, A4C
patient0475_2CH_ED, A4C
patient0475_2CH_ES, A4C
patient0475_4CH_ED, A4C
patient0475_4CH_ES, A4C
patient0476_2CH_ED, A4C
patient0476_2CH_ES, A2C
patient0476_4CH_ED, A4C
patient0476_4CH_ES, A4C
patient0477_2CH_ED, A2C
patient0477_2CH_ES, A2C
patient0477_4CH_ED, A4C
patient0477_4CH_ES, A4C
patient0478_2CH_ED, A4C
patient0478_2CH_ES, A4C
patient0478_4CH_ED, A4C
patient0478_4CH_ES, A4C
patient0479_2CH_ED, A2C
patient0479_2CH_ES, A2C
patient0479_4CH_ED, A4C
patient0479_4CH_ES, A4C
patient0480_2CH_ED, A2C
patient0480_2CH_ES, A4C
patient0480_4CH_ED, A4C
patient0480_4CH_ES, A4C
patient0481_2CH_ED, A4C
patient0481_2CH_ES, A2C
patient0481_4CH_ED, A4C
patient0481_4CH_ES, A4C
patient0482_2CH_ED, A2C
patient0482_2CH_ES, A4C
patient0482_4CH_ED, A4C
patient0482_4CH_ES, A4C
patient0483_2CH_ED, A4C
patient0483_2CH_ES, A4C
patient0483_4CH_ED, A4C
patient0483_4CH_ES, A4C
patient0484_2CH_ED, A2C
patient0484_2CH_ES, A2C
patient0484_4CH_ED, A4C
patient0484_4CH_ES, A4C
patient0485_2CH_ED, A4C
patient0485_2CH_ES, A4C
patient0485_4CH_ED, A4C
patient0485_4CH_ES, A4C
patient0486_2CH_ED, A2C
patient0486_2CH_ES, A4C
patient0486_4CH_ED, A4C
patient0486_4CH_ES, A4C
patient0487_2CH_ED, A4C
patient0487_2CH_ES, A4C
patient0487_4CH_ED, A4C
patient0487_4CH_ES, A4C
patient0488_2CH_ED, A2C
patient0488_2CH_ES, A4C
patient0488_4CH_ED, A4C
patient0488_4CH_ES, A4C
patient0489_2CH_ED, A2C
patient0489_2CH_ES, A2C
patient0489_4CH_ED, A4C
patient0489_4CH_ES, A4C
patient0490_2CH_ED, A2C
patient0490_2CH_ES, A4C
patient0490_4CH_ED, A4C
patient0490_4CH_ES, A4C
patient0491_2CH_ED, A2C
patient0491_2CH_ES, A4C
patient0491_4CH_ED, A4C
patient0491_4CH_ES, A4C
patient0492_2CH_ED, A4C
patient0492_2CH_ES, A4C
patient0492_4CH_ED, A4C
patient0492_4CH_ES, A4C
patient0493_2CH_ED, A4C
patient0493_2CH_ES, A4C
patient0493_4CH_ED, A4C
patient0493_4CH_ES, A4C
patient0494_2CH_ED, A4C
patient0494_2CH_ES, A4C
patient0494_4CH_ED, A4C
patient0494_4CH_ES, A4C
patient0495_2CH_ED, A4C
patient0495_2CH_ES, A2C
patient0495_4CH_ED, A4C
patient0495_4CH_ES, A4C
patient0496_2CH_ED, A4C
patient0496_2CH_ES, A4C
patient0496_4CH_ED, A4C
patient0496_4CH_ES, A4C
patient0497_2CH_ED, A4C
patient0497_2CH_ES, A4C
patient0497_4CH_ED, A4C
patient0497_4CH_ES, A4C
patient0498_2CH_ED, A2C
patient0498_2CH_ES, A2C
patient0498_4CH_ED, A4C
patient0498_4CH_ES, A4C
patient0499_2CH_ED, A4C
patient0499_2CH_ES, A4C
patient0499_4CH_ED, A4C
patient0499_4CH_ES, A4C
patient0500_2CH_ED, A4C
patient0500_2CH_ES, A4C
patient0500_4CH_ED, A4C
patient0500_4CH_ES, A4C
